--
-- PostgreSQL database dump
--

-- Dumped from database version 12.9 (Ubuntu 12.9-2.pgdg20.04+1)
-- Dumped by pg_dump version 12.9 (Ubuntu 12.9-2.pgdg20.04+1)

SET statement_timeout = 0;
SET lock_timeout = 0;
SET idle_in_transaction_session_timeout = 0;
SET client_encoding = 'UTF8';
SET standard_conforming_strings = on;
SELECT pg_catalog.set_config('search_path', '', false);
SET check_function_bodies = false;
SET xmloption = content;
SET client_min_messages = warning;
SET row_security = off;

DROP DATABASE universe;
--
-- Name: universe; Type: DATABASE; Schema: -; Owner: freecodecamp
--

CREATE DATABASE universe WITH TEMPLATE = template0 ENCODING = 'UTF8' LC_COLLATE = 'C.UTF-8' LC_CTYPE = 'C.UTF-8';


ALTER DATABASE universe OWNER TO freecodecamp;

\connect universe

SET statement_timeout = 0;
SET lock_timeout = 0;
SET idle_in_transaction_session_timeout = 0;
SET client_encoding = 'UTF8';
SET standard_conforming_strings = on;
SELECT pg_catalog.set_config('search_path', '', false);
SET check_function_bodies = false;
SET xmloption = content;
SET client_min_messages = warning;
SET row_security = off;

SET default_tablespace = '';

SET default_table_access_method = heap;

--
-- Name: galaxy; Type: TABLE; Schema: public; Owner: freecodecamp
--

CREATE TABLE public.galaxy (
    galaxy_id integer NOT NULL,
    name character varying(30) NOT NULL,
    description text,
    galaxy_type_id integer,
    constellation character varying(30) NOT NULL
);


ALTER TABLE public.galaxy OWNER TO freecodecamp;

--
-- Name: galaxy_galaxy_id_seq; Type: SEQUENCE; Schema: public; Owner: freecodecamp
--

CREATE SEQUENCE public.galaxy_galaxy_id_seq
    AS integer
    START WITH 1
    INCREMENT BY 1
    NO MINVALUE
    NO MAXVALUE
    CACHE 1;


ALTER TABLE public.galaxy_galaxy_id_seq OWNER TO freecodecamp;

--
-- Name: galaxy_galaxy_id_seq; Type: SEQUENCE OWNED BY; Schema: public; Owner: freecodecamp
--

ALTER SEQUENCE public.galaxy_galaxy_id_seq OWNED BY public.galaxy.galaxy_id;


--
-- Name: galaxy_type; Type: TABLE; Schema: public; Owner: freecodecamp
--

CREATE TABLE public.galaxy_type (
    galaxy_type_id integer NOT NULL,
    name character varying(30) NOT NULL,
    description text
);


ALTER TABLE public.galaxy_type OWNER TO freecodecamp;

--
-- Name: galaxy_type_galaxy_type_id_seq; Type: SEQUENCE; Schema: public; Owner: freecodecamp
--

CREATE SEQUENCE public.galaxy_type_galaxy_type_id_seq
    AS integer
    START WITH 1
    INCREMENT BY 1
    NO MINVALUE
    NO MAXVALUE
    CACHE 1;


ALTER TABLE public.galaxy_type_galaxy_type_id_seq OWNER TO freecodecamp;

--
-- Name: galaxy_type_galaxy_type_id_seq; Type: SEQUENCE OWNED BY; Schema: public; Owner: freecodecamp
--

ALTER SEQUENCE public.galaxy_type_galaxy_type_id_seq OWNED BY public.galaxy_type.galaxy_type_id;


--
-- Name: moon; Type: TABLE; Schema: public; Owner: freecodecamp
--

CREATE TABLE public.moon (
    moon_id integer NOT NULL,
    name character varying(30) NOT NULL,
    description text,
    is_spherical boolean NOT NULL,
    planet_id integer,
    age_in_million_years integer NOT NULL
);


ALTER TABLE public.moon OWNER TO freecodecamp;

--
-- Name: moon_moon_id_seq; Type: SEQUENCE; Schema: public; Owner: freecodecamp
--

CREATE SEQUENCE public.moon_moon_id_seq
    AS integer
    START WITH 1
    INCREMENT BY 1
    NO MINVALUE
    NO MAXVALUE
    CACHE 1;


ALTER TABLE public.moon_moon_id_seq OWNER TO freecodecamp;

--
-- Name: moon_moon_id_seq; Type: SEQUENCE OWNED BY; Schema: public; Owner: freecodecamp
--

ALTER SEQUENCE public.moon_moon_id_seq OWNED BY public.moon.moon_id;


--
-- Name: planet; Type: TABLE; Schema: public; Owner: freecodecamp
--

CREATE TABLE public.planet (
    planet_id integer NOT NULL,
    name character varying(30) NOT NULL,
    description text,
    length_of_year_earth_days integer NOT NULL,
    has_life boolean NOT NULL,
    star_id integer
);


ALTER TABLE public.planet OWNER TO freecodecamp;

--
-- Name: planet_planet_id_seq; Type: SEQUENCE; Schema: public; Owner: freecodecamp
--

CREATE SEQUENCE public.planet_planet_id_seq
    AS integer
    START WITH 1
    INCREMENT BY 1
    NO MINVALUE
    NO MAXVALUE
    CACHE 1;


ALTER TABLE public.planet_planet_id_seq OWNER TO freecodecamp;

--
-- Name: planet_planet_id_seq; Type: SEQUENCE OWNED BY; Schema: public; Owner: freecodecamp
--

ALTER SEQUENCE public.planet_planet_id_seq OWNED BY public.planet.planet_id;


--
-- Name: star; Type: TABLE; Schema: public; Owner: freecodecamp
--

CREATE TABLE public.star (
    star_id integer NOT NULL,
    name character varying(30) NOT NULL,
    mass_solar_mass numeric NOT NULL,
    distance_from_earth_lightyears numeric NOT NULL,
    galaxy_id integer,
    description text
);


ALTER TABLE public.star OWNER TO freecodecamp;

--
-- Name: star_star_id_seq; Type: SEQUENCE; Schema: public; Owner: freecodecamp
--

CREATE SEQUENCE public.star_star_id_seq
    AS integer
    START WITH 1
    INCREMENT BY 1
    NO MINVALUE
    NO MAXVALUE
    CACHE 1;


ALTER TABLE public.star_star_id_seq OWNER TO freecodecamp;

--
-- Name: star_star_id_seq; Type: SEQUENCE OWNED BY; Schema: public; Owner: freecodecamp
--

ALTER SEQUENCE public.star_star_id_seq OWNED BY public.star.star_id;


--
-- Name: galaxy galaxy_id; Type: DEFAULT; Schema: public; Owner: freecodecamp
--

ALTER TABLE ONLY public.galaxy ALTER COLUMN galaxy_id SET DEFAULT nextval('public.galaxy_galaxy_id_seq'::regclass);


--
-- Name: galaxy_type galaxy_type_id; Type: DEFAULT; Schema: public; Owner: freecodecamp
--

ALTER TABLE ONLY public.galaxy_type ALTER COLUMN galaxy_type_id SET DEFAULT nextval('public.galaxy_type_galaxy_type_id_seq'::regclass);


--
-- Name: moon moon_id; Type: DEFAULT; Schema: public; Owner: freecodecamp
--

ALTER TABLE ONLY public.moon ALTER COLUMN moon_id SET DEFAULT nextval('public.moon_moon_id_seq'::regclass);


--
-- Name: planet planet_id; Type: DEFAULT; Schema: public; Owner: freecodecamp
--

ALTER TABLE ONLY public.planet ALTER COLUMN planet_id SET DEFAULT nextval('public.planet_planet_id_seq'::regclass);


--
-- Name: star star_id; Type: DEFAULT; Schema: public; Owner: freecodecamp
--

ALTER TABLE ONLY public.star ALTER COLUMN star_id SET DEFAULT nextval('public.star_star_id_seq'::regclass);


--
-- Data for Name: galaxy; Type: TABLE DATA; Schema: public; Owner: freecodecamp
--

INSERT INTO public.galaxy VALUES (1, 'Milky Way', NULL, 2, 'Sagittarius');
INSERT INTO public.galaxy VALUES (3, 'Andromeda', NULL, 2, 'Andromeda');
INSERT INTO public.galaxy VALUES (4, 'Triangulum', NULL, 2, 'Triangulum');
INSERT INTO public.galaxy VALUES (5, 'Messier 81', NULL, 2, 'Ursa Major');
INSERT INTO public.galaxy VALUES (6, 'Sculptor', NULL, 2, 'Sculptor');
INSERT INTO public.galaxy VALUES (2, 'Centaurus A', NULL, 1, 'Centaurus');


--
-- Data for Name: galaxy_type; Type: TABLE DATA; Schema: public; Owner: freecodecamp
--

INSERT INTO public.galaxy_type VALUES (1, 'ellipticals', NULL);
INSERT INTO public.galaxy_type VALUES (2, 'spirals', NULL);
INSERT INTO public.galaxy_type VALUES (3, 'irregulars', NULL);


--
-- Data for Name: moon; Type: TABLE DATA; Schema: public; Owner: freecodecamp
--

INSERT INTO public.moon VALUES (1, 'Moon A', NULL, true, 1, 10);
INSERT INTO public.moon VALUES (2, 'Moon B', NULL, true, 4, 100);
INSERT INTO public.moon VALUES (3, 'Moon C', NULL, true, 5, 250);
INSERT INTO public.moon VALUES (4, 'Moon D', NULL, false, 2, 330);
INSERT INTO public.moon VALUES (5, 'Moon E', NULL, false, 3, 220);
INSERT INTO public.moon VALUES (6, 'Moon F', NULL, true, 3, 500);
INSERT INTO public.moon VALUES (7, 'Moon G', NULL, true, 4, 490);
INSERT INTO public.moon VALUES (8, 'Moon H', NULL, true, 2, 460);
INSERT INTO public.moon VALUES (9, 'Moon I', NULL, true, 1, 700);
INSERT INTO public.moon VALUES (10, 'Moon J', NULL, false, 3, 760);
INSERT INTO public.moon VALUES (11, 'Moon K', NULL, true, 6, 370);
INSERT INTO public.moon VALUES (12, 'Moon L', NULL, true, 8, 800);
INSERT INTO public.moon VALUES (13, 'Moon M', NULL, true, 12, 550);
INSERT INTO public.moon VALUES (14, 'Moon N', NULL, true, 9, 430);
INSERT INTO public.moon VALUES (15, 'Moon O', NULL, true, 7, 840);
INSERT INTO public.moon VALUES (16, 'Moon P', NULL, false, 11, 900);
INSERT INTO public.moon VALUES (17, 'Moon Q', NULL, true, 10, 660);
INSERT INTO public.moon VALUES (18, 'Moon R', NULL, true, 10, 390);
INSERT INTO public.moon VALUES (19, 'Moon S', NULL, true, 7, 400);
INSERT INTO public.moon VALUES (20, 'Moon T', NULL, true, 9, 120);


--
-- Data for Name: planet; Type: TABLE DATA; Schema: public; Owner: freecodecamp
--

INSERT INTO public.planet VALUES (1, 'Planet A', NULL, 365, true, 1);
INSERT INTO public.planet VALUES (2, 'Planet B', NULL, 1000, false, 2);
INSERT INTO public.planet VALUES (3, 'Planet C', NULL, 3650, false, 2);
INSERT INTO public.planet VALUES (4, 'Planet D', NULL, 36, false, 4);
INSERT INTO public.planet VALUES (5, 'Planet E', NULL, 2500, false, 6);
INSERT INTO public.planet VALUES (6, 'Planet F', NULL, 25, false, 5);
INSERT INTO public.planet VALUES (7, 'Planet G', NULL, 800, false, 5);
INSERT INTO public.planet VALUES (8, 'Planet H', NULL, 750, false, 5);
INSERT INTO public.planet VALUES (9, 'Planet I', NULL, 465, false, 1);
INSERT INTO public.planet VALUES (10, 'Planet J', NULL, 279, true, 1);
INSERT INTO public.planet VALUES (11, 'Planet K', NULL, 1000, false, 3);
INSERT INTO public.planet VALUES (12, 'Planet L', NULL, 1250, false, 3);


--
-- Data for Name: star; Type: TABLE DATA; Schema: public; Owner: freecodecamp
--

INSERT INTO public.star VALUES (1, 'Sun', 1, 0.0000158, 1, NULL);
INSERT INTO public.star VALUES (2, 'Star B', 4.321, 100, 3, NULL);
INSERT INTO public.star VALUES (3, 'Star C', 6.197, 20, 5, NULL);
INSERT INTO public.star VALUES (4, 'Star D', 9.637, 76, 2, NULL);
INSERT INTO public.star VALUES (5, 'Star E', 12.876, 56, 6, NULL);
INSERT INTO public.star VALUES (6, 'Star F', 3.405, 11, 4, NULL);


--
-- Name: galaxy_galaxy_id_seq; Type: SEQUENCE SET; Schema: public; Owner: freecodecamp
--

SELECT pg_catalog.setval('public.galaxy_galaxy_id_seq', 6, true);


--
-- Name: galaxy_type_galaxy_type_id_seq; Type: SEQUENCE SET; Schema: public; Owner: freecodecamp
--

SELECT pg_catalog.setval('public.galaxy_type_galaxy_type_id_seq', 3, true);


--
-- Name: moon_moon_id_seq; Type: SEQUENCE SET; Schema: public; Owner: freecodecamp
--

SELECT pg_catalog.setval('public.moon_moon_id_seq', 20, true);


--
-- Name: planet_planet_id_seq; Type: SEQUENCE SET; Schema: public; Owner: freecodecamp
--

SELECT pg_catalog.setval('public.planet_planet_id_seq', 12, true);


--
-- Name: star_star_id_seq; Type: SEQUENCE SET; Schema: public; Owner: freecodecamp
--

SELECT pg_catalog.setval('public.star_star_id_seq', 6, true);


--
-- Name: galaxy galaxy_name_key; Type: CONSTRAINT; Schema: public; Owner: freecodecamp
--

ALTER TABLE ONLY public.galaxy
    ADD CONSTRAINT galaxy_name_key UNIQUE (name);


--
-- Name: galaxy galaxy_pkey; Type: CONSTRAINT; Schema: public; Owner: freecodecamp
--

ALTER TABLE ONLY public.galaxy
    ADD CONSTRAINT galaxy_pkey PRIMARY KEY (galaxy_id);


--
-- Name: galaxy_type galaxy_type_name_key; Type: CONSTRAINT; Schema: public; Owner: freecodecamp
--

ALTER TABLE ONLY public.galaxy_type
    ADD CONSTRAINT galaxy_type_name_key UNIQUE (name);


--
-- Name: galaxy_type galaxy_type_pkey; Type: CONSTRAINT; Schema: public; Owner: freecodecamp
--

ALTER TABLE ONLY public.galaxy_type
    ADD CONSTRAINT galaxy_type_pkey PRIMARY KEY (galaxy_type_id);


--
-- Name: moon moon_name_key; Type: CONSTRAINT; Schema: public; Owner: freecodecamp
--

ALTER TABLE ONLY public.moon
    ADD CONSTRAINT moon_name_key UNIQUE (name);


--
-- Name: moon moon_pkey; Type: CONSTRAINT; Schema: public; Owner: freecodecamp
--

ALTER TABLE ONLY public.moon
    ADD CONSTRAINT moon_pkey PRIMARY KEY (moon_id);


--
-- Name: planet planet_name_key; Type: CONSTRAINT; Schema: public; Owner: freecodecamp
--

ALTER TABLE ONLY public.planet
    ADD CONSTRAINT planet_name_key UNIQUE (name);


--
-- Name: planet planet_pkey; Type: CONSTRAINT; Schema: public; Owner: freecodecamp
--

ALTER TABLE ONLY public.planet
    ADD CONSTRAINT planet_pkey PRIMARY KEY (planet_id);


--
-- Name: star star_name_key; Type: CONSTRAINT; Schema: public; Owner: freecodecamp
--

ALTER TABLE ONLY public.star
    ADD CONSTRAINT star_name_key UNIQUE (name);


--
-- Name: star star_pkey; Type: CONSTRAINT; Schema: public; Owner: freecodecamp
--

ALTER TABLE ONLY public.star
    ADD CONSTRAINT star_pkey PRIMARY KEY (star_id);


--
-- Name: galaxy galaxy_galaxy_type_id_fkey; Type: FK CONSTRAINT; Schema: public; Owner: freecodecamp
--

ALTER TABLE ONLY public.galaxy
    ADD CONSTRAINT galaxy_galaxy_type_id_fkey FOREIGN KEY (galaxy_type_id) REFERENCES public.galaxy_type(galaxy_type_id);


--
-- Name: moon moon_planet_id_fkey; Type: FK CONSTRAINT; Schema: public; Owner: freecodecamp
--

ALTER TABLE ONLY public.moon
    ADD CONSTRAINT moon_planet_id_fkey FOREIGN KEY (planet_id) REFERENCES public.planet(planet_id);


--
-- Name: planet planet_star_id_fkey; Type: FK CONSTRAINT; Schema: public; Owner: freecodecamp
--

ALTER TABLE ONLY public.planet
    ADD CONSTRAINT planet_star_id_fkey FOREIGN KEY (star_id) REFERENCES public.star(star_id);


--
-- Name: star star_galaxy_id_fkey; Type: FK CONSTRAINT; Schema: public; Owner: freecodecamp
--

ALTER TABLE ONLY public.star
    ADD CONSTRAINT star_galaxy_id_fkey FOREIGN KEY (galaxy_id) REFERENCES public.galaxy(galaxy_id);


--
-- PostgreSQL database dump complete
--

